{"accuracy": 0.7966666666666666, "precision": 0.7967773224992477, "recall": 0.7966666666666666, "f1": 0.7966666666666666}