{"accuracy": 0.7545833333333334, "precision": 0.7395920036117903, "recall": 0.7545833333333334, "f1": 0.7448543896052607}